Refs,Qty,Value,Description,MPN,LCSC,Footprint,Fitted,Verified
C1 C3 C4 C8 C13 C35 C54 C60 C65,9,10uF 10V X5R,capacitor,CL10A106KP8NNNC,C19702,Capacitor_SMD:C_0603_1608Metric,yes,yes
C2 C11 C12 C16 C20 C22 C23 C24 C27 C28 C29 C30 C31 C32 C33 C34 C36 C37 C38 C39 C41 C42 C44 C46 C48 C49 C50 C64,28,1uF 50V X5R,capacitor,CL10A105KB8NNNC,C15849,Capacitor_SMD:C_0603_1608Metric,yes,yes
C5 C15 C17 C18 C19 C21 C25 C26 C51 C52 C55 C58 C59 C62 C66 C67,16,100nF 50V X7R,capacitor,CC0603KRX7R9BB104,C14663,Capacitor_SMD:C_0603_1608Metric,yes,yes
C6,1,4.7uF 16V X5R,capacitor,CL10A475KO8NNNC,C19666,Capacitor_SMD:C_0603_1608Metric,yes,yes
C9 C10 C14,3,22uF 25V X5R,capacitor,CL21A226MAQNNNE,C45783,Capacitor_SMD:C_0805_2012Metric,yes,yes
C40,1,33pF 50V C0G,capacitor,CL10C330JB8NNNC,C1663,Capacitor_SMD:C_0603_1608Metric,yes,yes
C43 C45,2,470nF 25V X7R,capacitor,CL10B474KA8NNNC,C1623,Capacitor_SMD:C_0603_1608Metric,yes,yes
C47,1,100pF 50V C0G,capacitor,CL10C101JB8NNNC,C14858,Capacitor_SMD:C_0603_1608Metric,yes,yes
C53,1,100uF 6.3V X5R,capacitor,CL31A107MQHNNNE,C15008,Capacitor_SMD:C_1206_3216Metric,yes,yes
C56 C57,2,220pF 50V X7R,capacitor,CL10B221KB8NNNC,C1603,Capacitor_SMD:C_0603_1608Metric,yes,yes
D1 D2,2,USBLC6-2SC6,"2-line low-cap ESD (USB D+/D-, or CC1/CC2)",USBLC6-2SC6,C7519,Package_TO_SOT_SMD:SOT-23-6,yes,yes
D3,1,SMF5.0A,TVS 5 V unidirectional 200 W (VBUS),SMF5.0A,C151296,Diode_SMD:D_SOD-123F,yes,yes
D5 D7,2,SRV05-4.TCT,"4-line ESD array (REF1=GND, REF2=VCC or float)",SRV05-4.TCT,C13612,Package_TO_SOT_SMD:SOT-23-6,yes,yes
D8 D9,2,B5819W SL,Schottky 40 V 1 A (supercap discharge path),B5819W SL,C8598,Diode_SMD:D_SOD-123,yes,yes
F1,1,SMD1206P150TFT,"PTC resettable fuse, hold 1.5 A, trip 3 A, 8 V",SMD1206P150TFT,C495353,Fuse:Fuse_1206_3216Metric,yes,yes
FB1 FB2,2,BLM18PG121SN1D,"Ferrite bead 120R@100MHz 2 A 50 mOhm 0603 (speaker outputs; JLC basic part, was BLM18KG221SN1D extended)",BLM18PG121SN1D,C14709,Inductor_SMD:L_0603_1608Metric,yes,yes
J1 J7,2,TYPE-C-31-M-12,"USB-C 16P receptacle (USB 2.0), sink only",TYPE-C-31-M-12,C165948,Connector_USB:USB_C_Receptacle_HRO_TYPE-C-31-M-12,yes,yes
J2,1,S3B-PH-SM4-TB(LF)(SN),"JST PH 3-pin SMD right-angle (B-option battery: VBAT, NTC, GND)",S3B-PH-SM4-TB(LF)(SN),C265101,Connector_JST:JST_PH_S3B-PH-SM4-TB_1x03-1MP_P2.00mm_Horizontal,yes,yes
J4,1,S2B-PH-SM4-TB(LF)(SN),JST PH 2-pin SMD right-angle (speaker),S2B-PH-SM4-TB(LF)(SN),C295747,Connector_JST:JST_PH_S2B-PH-SM4-TB_1x02-1MP_P2.00mm_Horizontal,yes,yes
J6,1,FH12-24S-0.5SH(55),"24P 0.5 mm FFC/FPC connector, bottom contact, flip lock (main <-> deck FFC)",FH12-24S-0.5SH(55),C202112,Connector_FFC-FPC:Hirose_FH12-24S-0.5SH_1x24-1MP_P0.50mm_Horizontal,yes,yes
L1,1,SWPA4020S2R2MT,2.2 uH power inductor 4x4 mm (buck),SWPA4020S2R2MT,C83423,Inductor_SMD:L_Sunlord_SWPA4020S,yes,yes
MK1,1,GMI6027-2C42DB,"6 mm electret capsule, -42 dB, 2.2k load (base speakerphone mic, in rubber boot)",GMI6027-2C42DB,C233885,OpenLoungePhone:Electret_6mm_SMD_pads,yes,[UNVERIFIED] ground (can) pad identification not checked against drawing
Q1 Q5 Q6,3,MMBT3904,NPN 40 V 200 mA,MMBT3904,C20526,Package_TO_SOT_SMD:SOT-23,yes,[UNVERIFIED] standard SOT-23 B/E/C order; JSCJ datasheet text not readable
Q4,1,AO3400A,N-MOSFET 30 V 5.7 A (gate driver / e-ink boost),AO3400A,C20917,Package_TO_SOT_SMD:SOT-23,yes,yes
R1 R2,2,5.1k,resistor,0603WAF5101T5E,C23186,Resistor_SMD:R_0603_1608Metric,yes,yes
R3 R4,2,1k,resistor,0603WAF1001T5E,C21190,Resistor_SMD:R_0603_1608Metric,yes,yes
R5 R6 R41,3,0,resistor,0603WAF0000T5E,C21189,Resistor_SMD:R_0603_1608Metric,yes,yes
R7,1,1.1k,resistor,0603WAF1101T5E,C22764,Resistor_SMD:R_0603_1608Metric,yes,yes
R8,1,1.8k,resistor,0603WAF1801T5E,C4177,Resistor_SMD:R_0603_1608Metric,yes,yes
R10 R11 R12 R16 R17 R24 R27 R29 R30 R55 R56 R57 R58 R59,14,10k,resistor,0603WAF1002T5E,C25804,Resistor_SMD:R_0603_1608Metric,yes,yes
R14 R18 R19 R20 R21 R25 R31 R34 R45 R53 R54,11,100k,resistor,0603WAF1003T5E,C25803,Resistor_SMD:R_0603_1608Metric,yes,yes
R15 R33,2,22k,resistor,0603WAF2202T5E,C31850,Resistor_SMD:R_0603_1608Metric,yes,yes
R22 R23,2,4.7k,resistor,0603WAF4701T5E,C23162,Resistor_SMD:R_0603_1608Metric,yes,yes
R26,1,330,resistor,0603WAF3300T5E,C23138,Resistor_SMD:R_0603_1608Metric,yes,yes
R28,1,47,resistor,0603WAF470JT5E,C23182,Resistor_SMD:R_0603_1608Metric,yes,yes
R32,1,100,resistor,0603WAF1000T5E,C22775,Resistor_SMD:R_0603_1608Metric,yes,yes
R35,1,2.2k,resistor,0603WAF2201T5E,C4190,Resistor_SMD:R_0603_1608Metric,yes,yes
R36 R37,2,20k,resistor,0603WAF2002T5E,C4184,Resistor_SMD:R_0603_1608Metric,yes,yes
R38,1,4.3k,resistor,0603WAF4301T5E,C23159,Resistor_SMD:R_0603_1608Metric,yes,yes
R39 R40,2,150k,resistor,0603WAF1503T5E,C22807,Resistor_SMD:R_0603_1608Metric,yes,yes
R50 R51,2,33k,resistor,0603WAF3302T5E,C4216,Resistor_SMD:R_0603_1608Metric,yes,yes
R52,1,15k,resistor,0603WAF1502T5E,C22809,Resistor_SMD:R_0603_1608Metric,yes,yes
SW1 SW2,2,TS-1187A-B-A-B,Tactile switch 5.1x5.1 mm (pads 1-1 and 2-2 internally joined),TS-1187A-B-A-B,C318884,Button_Switch_SMD:SW_Push_1P1T_XKB_TS-1187A,yes,yes
SW3 SW4,2,SKRTLAE010,Side-push SMD tactile switch (VOL-/VOL+ on the right end face),SKRTLAE010,C110293,Button_Switch_SMD:SW_Push_1P1T-MP_NO_Horizontal_Alps_SKRTLAE010,yes,yes
SW5,1,JS202011AQN,"DPDT slide switch, right-angle through-hole (MUTE, lever out through the edge)",JS202011AQN,C221662,Button_Switch_THT:SW_CK_JS202011AQN_DPDT_Angled,yes,[UNVERIFIED] pole pinout assumed 1-2-3 / 4-5-6 with commons 2 and 5 (usual C&K JS); check against the C&K drawing
U1,1,ESP32-S3-WROOM-1U-N16R8,"ESP32-S3 module, 16 MB flash, 8 MB octal PSRAM, U.FL for an external 2.4 GHz antenna",ESP32-S3-WROOM-1U-N16R8,C3013946,RF_Module:ESP32-S3-WROOM-1U,yes,yes
U2,1,BQ24074RGTR,1S Li-ion charger with power path; OVP 10.5 V; OUT regulated 4.4 V on input power,BQ24074RGTR,C54313,Package_DFN_QFN:VQFN-16-1EP_3x3mm_P0.5mm_EP1.68x1.68mm,yes,yes
U3,1,TLV62569DBVR,"2 A sync buck, VFB 0.6 V, 100% duty",TLV62569DBVR,C141836,Package_TO_SOT_SMD:SOT-23-5,yes,yes
U4,1,LP5907MFX-3.0/NOPB,250 mA ultra-low-noise LDO 3.0 V (6.5 uVrms) - codec/mic AVDD,LP5907MFX-3.0/NOPB,C475492,Package_TO_SOT_SMD:SOT-23-5,yes,yes
U5,1,SN74LV1T125DBVR,"Single buffer, level-shifting inputs (3.3 V in valid at VCC 4.4 V); LED data",SN74LV1T125DBVR,C473338,Package_TO_SOT_SMD:SOT-23-5,yes,yes
U6,1,ES8311,Mono audio codec (DAC drives 16/32 ohm earpiece differentially); I2C 0x18 (CE=0),ES8311,C962342,Package_DFN_QFN:QFN-20-1EP_3x3mm_P0.4mm_EP1.65x1.65mm,yes,yes
U7,1,ES7210,"4-ch audio ADC, TDM out; CH1 handset mic, CH2 base mic, CH3 AEC reference; I2C 0x40",ES7210,C365743,Package_DFN_QFN:QFN-32-1EP_4x4mm_P0.4mm_EP2.65x2.65mm,yes,[UNVERIFIED] pins 3/4 (CDATA/CCLK) follow the datasheet pinout drawing and Korvo-2 schematic; the datasheet pin table lists them swapped
U9,1,NS4150B,3 W class-D mono speaker amp; gain = 240k/Rin; CTRL high = on,NS4150B,C189961,Package_SO:MSOP-8_3x3mm_P0.65mm,yes,yes
U10,1,DRV5032FADBZR,"Hall switch, omnipolar, 20 Hz, push-pull, BOP +-3 mT typ (hook)",DRV5032FADBZR,C140921,Package_TO_SOT_SMD:SOT-23,yes,yes
U12,1,LIS2DH12TR,3-axis accelerometer; I2C 0x19 (SA0=1); INT pins push-pull only,LIS2DH12TR,C110926,Package_LGA:LGA-12_2x2mm_P0.5mm,yes,yes
U14,1,MAX17048G+T10,1S fuel gauge (B-option only); I2C 0x36,MAX17048G+T10,C2682616,Package_DFN_QFN:DFN-8-1EP_2x2mm_P0.5mm_EP0.8x1.6mm,yes,[UNVERIFIED] pin map from datasheet text via search (PDF fetch timed out); EP-to-GND assumed; footprint EP size to confirm
U15,1,SY6280AAC,"Current-limited power switch 2.4-5.5 V, ILIM = 6800/Rset, reverse blocking",SY6280AAC,C55136,Package_TO_SOT_SMD:SOT-23-5,yes,yes
U16,1,CH340C,"USB 2.0 full-speed to UART bridge, internal oscillator",CH340C,C84681,Package_SO:SOIC-16_3.9x9.9mm_P1.27mm,yes,yes
C7,1,SE-5R5-D474VYV,"0.47 F 5.5 V supercap, power-fail hold-up (Lounge)",SE-5R5-D474VYV,,OpenLoungePhone:Supercap_D11.5mm_P5.0mm,DNP,"[UNVERIFIED] no LCSC/JLCPCB listing found for 0.47 F 5.5 V (C150565 did not resolve); part, lead pitch and footprint to choose; ESR ~40 ohm is fine for 0.9 W hold-up"
C61,1,100nF 50V X7R,capacitor,CC0603KRX7R9BB104,C14663,Capacitor_SMD:C_0603_1608Metric,DNP,yes
C63,1,10uF 10V X5R,capacitor,CL10A106KP8NNNC,C19702,Capacitor_SMD:C_0603_1608Metric,DNP,yes
D4,1,B5819W SL,Schottky 40 V 1 A (supercap discharge path),B5819W SL,C8598,Diode_SMD:D_SOD-123,DNP,yes
J5,1,2.54-1*5P (right angle),5-pin right-angle socket for the HLK-LD2410C radar (module bought separately),2.54-1*5P (right angle),C35167,Connector_PinSocket_2.54mm:PinSocket_1x05_P2.54mm_Horizontal,DNP,yes
Q2,1,AO3401A,P-MOSFET -30 V -4 A (load switch),AO3401A,C15127,Package_TO_SOT_SMD:SOT-23,DNP,yes
Q3,1,AO3400A,N-MOSFET 30 V 5.7 A (gate driver / e-ink boost),AO3400A,C20917,Package_TO_SOT_SMD:SOT-23,DNP,yes
R9 R43,2,10k,resistor,0603WAF1002T5E,C25804,Resistor_SMD:R_0603_1608Metric,DNP,yes
R13,1,47,resistor,25121WJ0470T4E,C15261,Resistor_SMD:R_2512_6332Metric,DNP,yes
R42,1,330,resistor,0603WAF3300T5E,C23138,Resistor_SMD:R_0603_1608Metric,DNP,yes
R44,1,0,resistor,0603WAF0000T5E,C21189,Resistor_SMD:R_0603_1608Metric,DNP,yes
R46,1,100k,resistor,0603WAF1003T5E,C25803,Resistor_SMD:R_0603_1608Metric,DNP,yes
R47 R48 R49,3,1k,resistor,0603WAF1001T5E,C21190,Resistor_SMD:R_0603_1608Metric,DNP,yes
U11,1,ITR8307,IR reflective sensor (hook option for magnet-less handsets),ITR8307,C63451,OptoDevice:Everlight_ITR8307,DNP,[UNVERIFIED] pin map from the ITR8307/F43 datasheet; confirm it matches the C63451 variant
U13,1,ATECC608B-SSHDA-T,"Secure element (P-256), DNP footprint; I2C 0x60",ATECC608B-SSHDA-T,C1518769,Package_SO:SOIC-8_3.9x4.9mm_P1.27mm,DNP,yes
