Comment,Designator,Footprint,LCSC
CL10A106KP8NNNC,"C1,C3,C4,C7,C12,C34,C47,C53,C56",C_0603_1608Metric,C19702
CL10A105KB8NNNC,"C2,C10,C11,C15,C19,C21,C22,C23,C26,C27,C28,C29,C30,C31,C32,C33,C36,C37,C39,C41,C43,C55,C76,C79,C80,C81,C82,C83,C84,C85,C86",C_0603_1608Metric,C15849
CC0603KRX7R9BB104,"C5,C14,C16,C17,C18,C20,C24,C25,C44,C45,C48,C51,C52,C54,C57,C58,C59,C60,C63,C64,C65,C66,C67,C68,C69,C70,C71,C72,C73,C74,C75,C77",C_0603_1608Metric,C14663
CL10A475KO8NNNC,C6,C_0603_1608Metric,C19666
CL21A226MAQNNNE,"C8,C9,C13,C61,C62",C_0805_2012Metric,C45783
CL10C330JB8NNNC,C35,C_0603_1608Metric,C1663
CL10B474KA8NNNC,"C38,C40",C_0603_1608Metric,C1623
CL10C101JB8NNNC,C42,C_0603_1608Metric,C14858
CL31A107MQHNNNE,C46,C_1206_3216Metric,C15008
CL10B221KB8NNNC,"C49,C50",C_0603_1608Metric,C1603
CL21A475KAQNNNE,"C87,C88",C_0805_2012Metric,C1779
USBLC6-2SC6,"D1,D2",SOT-23-6,C7519
SMF5.0A,D3,D_SOD-123F,C151296
SRV05-4.TCT,"D4,D7",SOT-23-6,C13612
SK6812MINI-E,"D5,D6,D10,D11,D12,D13,D14,D15,D16,D17,D18,D19,D20",LED_SK6812MINI-E_3.2x2.8mm_P1.5mm_ReverseMount,C5149201
B5819W SL,"D8,D9",D_SOD-123,C8598
KT-0603R,D21,LED_0603_1608Metric,C2286
MBR0530T1G,"D22,D23,D24",D_SOD-123,C82046
SMD1206P150TFT,F1,Fuse_1206_3216Metric,C495353
BLM18PG121SN1D,"FB1,FB2",L_0603_1608Metric,C14709
TYPE-C-31-M-12,"J1,J7",USB_C_Receptacle_HRO_TYPE-C-31-M-12,C165948
S3B-PH-SM4-TB(LF)(SN),J2,JST_PH_S3B-PH-SM4-TB_1x03-1MP_P2.00mm_Horizontal,C265101
S2B-PH-SM4-TB(LF)(SN),J4,JST_PH_S2B-PH-SM4-TB_1x02-1MP_P2.00mm_Horizontal,C295747
FPC-05F-24PH20,J6,FPC-05F-24PH20,C2856805
SWPA4020S2R2MT,L1,L_Sunlord_SWPA4020S,C83423
PCB coil (copper),L2,NFC_Coil_Strip,
SWPA4020S470MT,L3,L_Sunlord_SWPA4020S,C83427
GMI6027-2C42DB,MK1,Electret_6mm_SMD_pads,C233885
MMBT3904,"Q1,Q5,Q6",SOT-23,C20526
AO3401A,Q2,SOT-23,C15127
AO3400A,"Q3,Q4",SOT-23,C20917
SI1308EDL-T1-GE3,Q7,SOT-323_SC-70,C469327
0603WAF5101T5E,"R1,R2",R_0603_1608Metric,C23186
0603WAF1001T5E,"R3,R4",R_0603_1608Metric,C21190
0603WAF0000T5E,"R5,R6",R_0603_1608Metric,C21189
0603WAF1101T5E,R7,R_0603_1608Metric,C22764
0603WAF1801T5E,R8,R_0603_1608Metric,C4177
0603WAF1002T5E,"R9,R10,R11,R14,R15,R20,R23,R25,R26,R43,R44,R45,R46,R47,R48,R49,R50,R51,R52,R53,R54,R55,R56,R57,R58,R59,R60",R_0603_1608Metric,C25804
0603WAF1003T5E,"R12,R16,R17,R21,R27,R30,R37,R41,R42,R61,R62",R_0603_1608Metric,C25803
0603WAF2202T5E,"R13,R29",R_0603_1608Metric,C31850
0603WAF4701T5E,"R18,R19",R_0603_1608Metric,C23162
0603WAF3300T5E,R22,R_0603_1608Metric,C23138
0603WAF470JT5E,R24,R_0603_1608Metric,C23182
0603WAF1000T5E,R28,R_0603_1608Metric,C22775
0603WAF2201T5E,R31,R_0603_1608Metric,C4190
0603WAF2002T5E,"R32,R33",R_0603_1608Metric,C4184
0603WAF4301T5E,R34,R_0603_1608Metric,C23159
0603WAF1503T5E,"R35,R36",R_0603_1608Metric,C22807
0603WAF3302T5E,"R38,R39",R_0603_1608Metric,C4216
0603WAF1502T5E,R40,R_0603_1608Metric,C22809
0603WAF4700T5E,R63,R_0603_1608Metric,C23179
0603WAF1004T5E,R64,R_0603_1608Metric,C22935
0603WAF220KT5E,R65,R_0603_1608Metric,C22939
TS-1187A-B-A-B,"SW1,SW2",SW_Push_1P1T_XKB_TS-1187A,C318884
SKRTLAE010,"SW3,SW4",SW_Push_1P1T-MP_NO_Horizontal_Alps_SKRTLAE010,C110293
JS202011AQN,SW5,SW_CK_JS202011AQN_DPDT_Angled,C221662
CPG151101S11-16,"SW6,SW7,SW8,SW9,SW10,SW11,SW12,SW13,SW14,SW15,SW16,SW17",Kailh_MX_Hotswap_CPG151101S11,C5156480
ESP32-S3-WROOM-1U-N16R8,U1,ESP32-S3-WROOM-1U,C3013946
BQ24074RGTR,U2,VQFN-16-1EP_3x3mm_P0.5mm_EP1.68x1.68mm,C54313
TLV62569DBVR,U3,SOT-23-5,C141836
LP5907MFX-3.0/NOPB,U4,SOT-23-5,C475492
SN74LV1T125DBVR,U5,SOT-23-5,C473338
ES8311,U6,QFN-20-1EP_3x3mm_P0.4mm_EP1.65x1.65mm,C962342
ES7210,U7,QFN-32-1EP_4x4mm_P0.4mm_EP2.65x2.65mm,C365743
NS4150B,U9,MSOP-8_3x3mm_P0.65mm,C189961
DRV5032FADBZR,U10,SOT-23,C140921
LIS2DH12TR,U12,LGA-12_2x2mm_P0.5mm,C110926
MAX17048G+T10,U14,DFN-8-1EP_2x2mm_P0.5mm_EP0.8x1.6mm,C2682616
SY6280AAC,U15,SOT-23-5,C55136
CH340C,U16,SOIC-16_3.9x9.9mm_P1.27mm,C84681
AW9523BTQR,U17,TQFN-24-1EP_4x4mm_P0.5mm_EP2.6x2.6mm,C148077
LTR-303ALS-01,U18,Lite-On_LTR-303ALS-01,C364577
ST25DV04K-IER6S3,U19,SOIC-8_3.9x4.9mm_P1.27mm,C155601
